id,integrity,never_anchor,source,structural
air,1,true,derived,false
stone,32,false,datamap,true
granite,24,false,derived,true
polished_granite,24,false,derived,true
diorite,24,false,derived,true
polished_diorite,24,false,derived,true
andesite,24,false,derived,true
polished_andesite,24,false,derived,true
grass_block,1,true,datamap,true
dirt,1,true,datamap,true
coarse_dirt,1,true,datamap,true
podzol,1,true,datamap,true
cobblestone,20,false,datamap,true
oak_planks,16,true,datamap,true
spruce_planks,16,true,datamap,true
birch_planks,16,true,datamap,true
jungle_planks,16,true,datamap,true
acacia_planks,16,true,datamap,true
cherry_planks,16,true,datamap,true
dark_oak_planks,16,true,datamap,true
mangrove_planks,16,true,datamap,true
bamboo_planks,16,true,datamap,true
bamboo_mosaic,28,false,derived,true
oak_sapling,1,true,derived,false
spruce_sapling,1,true,derived,false
birch_sapling,1,true,derived,false
jungle_sapling,1,true,derived,false
acacia_sapling,1,true,derived,false
cherry_sapling,1,true,derived,false
dark_oak_sapling,1,true,derived,false
mangrove_propagule,1,true,derived,false
bedrock,1024,false,derived,true
water,1,true,derived,false
lava,1,true,derived,false
sand,2,true,datamap,true
suspicious_sand,2,true,datamap,true
red_sand,2,true,datamap,true
gravel,2,true,datamap,true
suspicious_gravel,10,false,derived,true
gold_ore,34,false,derived,true
deepslate_gold_ore,42,false,derived,true
iron_ore,34,false,derived,true
deepslate_iron_ore,42,false,derived,true
coal_ore,34,false,derived,true
deepslate_coal_ore,42,false,derived,true
nether_gold_ore,34,false,derived,true
oak_log,20,true,datamap,true
spruce_log,20,true,datamap,true
birch_log,20,true,datamap,true
jungle_log,20,true,datamap,true
acacia_log,20,true,datamap,true
cherry_log,20,true,datamap,true
dark_oak_log,20,true,datamap,true
mangrove_log,20,true,datamap,true
mangrove_roots,16,false,derived,true
muddy_mangrove_roots,1,true,datamap,true
bamboo_block,28,false,derived,true
stripped_spruce_log,20,true,datamap,true
stripped_birch_log,20,true,datamap,true
stripped_jungle_log,20,true,datamap,true
stripped_acacia_log,20,true,datamap,true
stripped_cherry_log,20,true,datamap,true
stripped_dark_oak_log,20,true,datamap,true
stripped_oak_log,20,true,datamap,true
stripped_mangrove_log,20,true,datamap,true
stripped_bamboo_block,28,false,derived,true
oak_wood,20,true,datamap,true
spruce_wood,20,true,datamap,true
birch_wood,20,true,datamap,true
jungle_wood,20,true,datamap,true
acacia_wood,20,true,datamap,true
cherry_wood,20,true,datamap,true
dark_oak_wood,20,true,datamap,true
mangrove_wood,20,true,datamap,true
stripped_oak_wood,20,true,datamap,true
stripped_spruce_wood,20,true,datamap,true
stripped_birch_wood,20,true,datamap,true
stripped_jungle_wood,20,true,datamap,true
stripped_acacia_wood,20,true,datamap,true
stripped_cherry_wood,20,true,datamap,true
stripped_dark_oak_wood,20,true,datamap,true
stripped_mangrove_wood,20,true,datamap,true
oak_leaves,1,true,datamap,true
spruce_leaves,1,true,datamap,true
birch_leaves,1,true,datamap,true
jungle_leaves,1,true,datamap,true
acacia_leaves,1,true,datamap,true
cherry_leaves,1,true,datamap,true
dark_oak_leaves,1,true,datamap,true
mangrove_leaves,1,true,datamap,true
azalea_leaves,1,true,datamap,true
flowering_azalea_leaves,1,true,datamap,true
sponge,15,false,derived,true
wet_sponge,15,false,derived,true
glass,3,false,datamap,true
lapis_ore,34,false,derived,true
deepslate_lapis_ore,42,false,derived,true
lapis_block,34,false,derived,true
dispenser,37,false,derived,true
sandstone,18,false,derived,true
chiseled_sandstone,18,false,derived,true
cut_sandstone,18,false,derived,true
note_block,18,false,derived,true
white_bed,9,false,derived,true
orange_bed,9,false,derived,true
magenta_bed,9,false,derived,true
light_blue_bed,9,false,derived,true
yellow_bed,9,false,derived,true
lime_bed,9,false,derived,true
pink_bed,9,false,derived,true
gray_bed,9,false,derived,true
light_gray_bed,9,false,derived,true
cyan_bed,9,false,derived,true
purple_bed,9,false,derived,true
blue_bed,9,false,derived,true
brown_bed,9,false,derived,true
green_bed,9,false,derived,true
red_bed,9,false,derived,true
black_bed,9,false,derived,true
powered_rail,1,true,derived,true
detector_rail,1,true,derived,true
sticky_piston,24,false,derived,true
cobweb,1,true,derived,true
short_grass,1,true,derived,false
fern,1,true,derived,false
dead_bush,1,true,derived,false
seagrass,1,true,derived,false
tall_seagrass,1,true,derived,false
piston,24,false,derived,true
piston_head,24,false,derived,true
white_wool,3,false,datamap,true
orange_wool,3,false,datamap,true
magenta_wool,3,false,datamap,true
light_blue_wool,3,false,datamap,true
yellow_wool,3,false,datamap,true
lime_wool,3,false,datamap,true
pink_wool,3,false,datamap,true
gray_wool,3,false,datamap,true
light_gray_wool,3,false,datamap,true
cyan_wool,3,false,datamap,true
purple_wool,3,false,datamap,true
blue_wool,3,false,datamap,true
brown_wool,3,false,datamap,true
green_wool,3,false,datamap,true
red_wool,3,false,datamap,true
black_wool,3,false,datamap,true
moving_piston,1,true,derived,true
dandelion,1,true,derived,false
torchflower,1,true,derived,false
poppy,1,true,derived,false
blue_orchid,1,true,derived,false
allium,1,true,derived,false
azure_bluet,1,true,derived,false
red_tulip,1,true,derived,false
orange_tulip,1,true,derived,false
white_tulip,1,true,derived,false
pink_tulip,1,true,derived,false
oxeye_daisy,1,true,derived,false
cornflower,1,true,derived,false
wither_rose,1,true,derived,false
lily_of_the_valley,1,true,derived,false
brown_mushroom,1,true,derived,false
red_mushroom,1,true,derived,false
gold_block,34,false,derived,true
iron_block,80,false,datamap,true
bricks,28,false,derived,true
tnt,1,true,derived,true
bookshelf,24,false,derived,true
chiseled_bookshelf,24,false,derived,true
mossy_cobblestone,28,false,derived,true
obsidian,40,false,datamap,true
torch,1,true,derived,true
wall_torch,1,true,derived,true
fire,1,true,derived,true
soul_fire,1,true,derived,true
spawner,44,false,derived,true
oak_stairs,14,true,datamap,true
chest,31,false,derived,true
redstone_wire,1,true,derived,true
diamond_ore,34,false,derived,true
deepslate_diamond_ore,42,false,derived,true
diamond_block,44,false,derived,true
crafting_table,31,false,derived,true
wheat,1,true,derived,false
farmland,15,false,derived,true
furnace,37,false,derived,true
oak_sign,1,true,derived,true
spruce_sign,1,true,derived,true
birch_sign,1,true,derived,true
acacia_sign,1,true,derived,true
cherry_sign,1,true,derived,true
jungle_sign,1,true,derived,true
dark_oak_sign,1,true,derived,true
mangrove_sign,1,true,derived,true
bamboo_sign,1,true,derived,true
oak_door,34,false,derived,true
ladder,2,false,datamap,true
rail,1,true,derived,true
cobblestone_stairs,28,false,derived,true
oak_wall_sign,1,true,derived,true
spruce_wall_sign,1,true,derived,true
birch_wall_sign,1,true,derived,true
acacia_wall_sign,1,true,derived,true
cherry_wall_sign,1,true,derived,true
jungle_wall_sign,1,true,derived,true
dark_oak_wall_sign,1,true,derived,true
mangrove_wall_sign,1,true,derived,true
bamboo_wall_sign,1,true,derived,true
oak_hanging_sign,1,true,derived,true
spruce_hanging_sign,1,true,derived,true
birch_hanging_sign,1,true,derived,true
acacia_hanging_sign,1,true,derived,true
cherry_hanging_sign,1,true,derived,true
jungle_hanging_sign,1,true,derived,true
dark_oak_hanging_sign,1,true,derived,true
crimson_hanging_sign,1,true,derived,true
warped_hanging_sign,1,true,derived,true
mangrove_hanging_sign,1,true,derived,true
bamboo_hanging_sign,1,true,derived,true
oak_wall_hanging_sign,20,false,derived,true
spruce_wall_hanging_sign,20,false,derived,true
birch_wall_hanging_sign,20,false,derived,true
acacia_wall_hanging_sign,20,false,derived,true
cherry_wall_hanging_sign,20,false,derived,true
jungle_wall_hanging_sign,20,false,derived,true
dark_oak_wall_hanging_sign,20,false,derived,true
mangrove_wall_hanging_sign,20,false,derived,true
crimson_wall_hanging_sign,20,false,derived,true
warped_wall_hanging_sign,20,false,derived,true
bamboo_wall_hanging_sign,20,false,derived,true
lever,1,true,derived,true
stone_pressure_plate,1,true,derived,true
iron_door,44,false,derived,true
oak_pressure_plate,1,true,derived,true
spruce_pressure_plate,1,true,derived,true
birch_pressure_plate,1,true,derived,true
jungle_pressure_plate,1,true,derived,true
acacia_pressure_plate,1,true,derived,true
cherry_pressure_plate,1,true,derived,true
dark_oak_pressure_plate,1,true,derived,true
mangrove_pressure_plate,1,true,derived,true
bamboo_pressure_plate,1,true,derived,true
redstone_ore,34,false,derived,true
deepslate_redstone_ore,42,false,derived,true
redstone_torch,1,true,derived,true
redstone_wall_torch,1,true,derived,true
stone_button,1,true,derived,true
snow,1,true,derived,true
ice,14,false,derived,true
snow_block,9,false,derived,true
cactus,12,false,derived,true
clay,15,false,derived,true
sugar_cane,1,true,derived,true
jukebox,28,false,derived,true
oak_fence,9,true,datamap,true
netherrack,12,false,derived,true
soul_sand,14,false,derived,true
soul_soil,14,false,derived,true
basalt,22,false,derived,true
polished_basalt,22,false,derived,true
soul_torch,1,true,derived,true
soul_wall_torch,1,true,derived,true
glowstone,11,false,derived,true
nether_portal,1,true,derived,true
carved_pumpkin,20,false,derived,true
jack_o_lantern,20,false,derived,true
cake,14,false,derived,true
repeater,1,true,derived,true
white_stained_glass,11,false,derived,true
orange_stained_glass,11,false,derived,true
magenta_stained_glass,11,false,derived,true
light_blue_stained_glass,11,false,derived,true
yellow_stained_glass,11,false,derived,true
lime_stained_glass,11,false,derived,true
pink_stained_glass,11,false,derived,true
gray_stained_glass,11,false,derived,true
light_gray_stained_glass,11,false,derived,true
cyan_stained_glass,11,false,derived,true
purple_stained_glass,11,false,derived,true
blue_stained_glass,11,false,derived,true
brown_stained_glass,11,false,derived,true
green_stained_glass,11,false,derived,true
red_stained_glass,11,false,derived,true
black_stained_glass,11,false,derived,true
oak_trapdoor,34,false,derived,true
spruce_trapdoor,34,false,derived,true
birch_trapdoor,34,false,derived,true
jungle_trapdoor,34,false,derived,true
acacia_trapdoor,34,false,derived,true
cherry_trapdoor,34,false,derived,true
dark_oak_trapdoor,34,false,derived,true
mangrove_trapdoor,34,false,derived,true
bamboo_trapdoor,34,false,derived,true
stone_bricks,40,false,datamap,true
mossy_stone_bricks,40,false,datamap,true
cracked_stone_bricks,40,false,datamap,true
chiseled_stone_bricks,40,false,datamap,true
packed_mud,20,false,derived,true
mud_bricks,24,false,derived,true
infested_stone,17,false,derived,true
infested_cobblestone,20,false,derived,true
infested_stone_bricks,17,false,derived,true
infested_mossy_stone_bricks,17,false,derived,true
infested_cracked_stone_bricks,17,false,derived,true
infested_chiseled_stone_bricks,17,false,derived,true
brown_mushroom_block,9,false,derived,true
red_mushroom_block,9,false,derived,true
mushroom_stem,9,false,derived,true
iron_bars,44,false,derived,true
chain,44,false,derived,true
glass_pane,11,false,derived,true
pumpkin,20,false,derived,true
melon,20,false,derived,true
attached_pumpkin_stem,1,true,derived,false
attached_melon_stem,1,true,derived,false
pumpkin_stem,1,true,derived,false
melon_stem,1,true,derived,false
vine,1,true,derived,true
glow_lichen,1,true,derived,true
oak_fence_gate,5,true,datamap,true
brick_stairs,28,false,derived,true
stone_brick_stairs,24,false,derived,true
mud_brick_stairs,24,false,derived,true
mycelium,1,true,datamap,true
lily_pad,1,true,derived,false
nether_bricks,28,false,derived,true
nether_brick_fence,28,false,derived,true
nether_brick_stairs,28,false,derived,true
nether_wart,1,true,derived,false
enchanting_table,44,false,derived,true
brewing_stand,14,false,derived,true
cauldron,28,false,derived,true
water_cauldron,28,false,derived,true
lava_cauldron,28,false,derived,true
powder_snow_cauldron,28,false,derived,true
end_portal,1,true,derived,true
end_portal_frame,1024,false,derived,true
end_stone,34,false,derived,true
dragon_egg,34,false,derived,true
redstone_lamp,11,false,derived,true
cocoa,9,false,derived,true
sandstone_stairs,18,false,derived,true
emerald_ore,34,false,derived,true
deepslate_emerald_ore,42,false,derived,true
ender_chest,93,false,derived,true
tripwire_hook,1,true,derived,true
tripwire,1,true,derived,true
emerald_block,44,false,derived,true
spruce_stairs,14,true,datamap,true
birch_stairs,14,true,datamap,true
jungle_stairs,14,true,datamap,true
command_block,1024,false,derived,true
beacon,34,false,derived,true
cobblestone_wall,28,false,derived,true
mossy_cobblestone_wall,28,false,derived,true
flower_pot,1,true,derived,true
potted_torchflower,1,true,derived,true
potted_oak_sapling,1,true,derived,true
potted_spruce_sapling,1,true,derived,true
potted_birch_sapling,1,true,derived,true
potted_jungle_sapling,1,true,derived,true
potted_acacia_sapling,1,true,derived,true
potted_cherry_sapling,1,true,derived,true
potted_dark_oak_sapling,1,true,derived,true
potted_mangrove_propagule,1,true,derived,true
potted_fern,1,true,derived,true
potted_dandelion,1,true,derived,true
potted_poppy,1,true,derived,true
potted_blue_orchid,1,true,derived,true
potted_allium,1,true,derived,true
potted_azure_bluet,1,true,derived,true
potted_red_tulip,1,true,derived,true
potted_orange_tulip,1,true,derived,true
potted_white_tulip,1,true,derived,true
potted_pink_tulip,1,true,derived,true
potted_oxeye_daisy,1,true,derived,true
potted_cornflower,1,true,derived,true
potted_lily_of_the_valley,1,true,derived,true
potted_wither_rose,1,true,derived,true
potted_red_mushroom,1,true,derived,true
potted_brown_mushroom,1,true,derived,true
potted_dead_bush,1,true,derived,true
potted_cactus,1,true,derived,true
carrots,1,true,derived,false
potatoes,1,true,derived,false
oak_button,1,true,derived,true
spruce_button,1,true,derived,true
birch_button,1,true,derived,true
jungle_button,1,true,derived,true
acacia_button,1,true,derived,true
cherry_button,1,true,derived,true
dark_oak_button,1,true,derived,true
mangrove_button,1,true,derived,true
bamboo_button,1,true,derived,true
skeleton_skull,20,false,derived,true
skeleton_wall_skull,20,false,derived,true
wither_skeleton_skull,20,false,derived,true
wither_skeleton_wall_skull,20,false,derived,true
zombie_head,20,false,derived,true
zombie_wall_head,20,false,derived,true
player_head,20,false,derived,true
player_wall_head,20,false,derived,true
creeper_head,20,false,derived,true
creeper_wall_head,20,false,derived,true
dragon_head,20,false,derived,true
dragon_wall_head,20,false,derived,true
piglin_head,20,false,derived,true
piglin_wall_head,20,false,derived,true
anvil,44,false,derived,true
chipped_anvil,44,false,derived,true
damaged_anvil,44,false,derived,true
trapped_chest,31,false,derived,true
light_weighted_pressure_plate,1,true,derived,true
heavy_weighted_pressure_plate,1,true,derived,true
comparator,1,true,derived,true
daylight_detector,9,false,derived,true
redstone_block,44,false,derived,true
nether_quartz_ore,34,false,derived,true
hopper,34,false,derived,true
quartz_block,18,false,derived,true
chiseled_quartz_block,18,false,derived,true
quartz_pillar,18,false,derived,true
quartz_stairs,18,false,derived,true
activator_rail,1,true,derived,true
dropper,37,false,derived,true
white_terracotta,22,false,derived,true
orange_terracotta,22,false,derived,true
magenta_terracotta,22,false,derived,true
light_blue_terracotta,22,false,derived,true
yellow_terracotta,22,false,derived,true
lime_terracotta,22,false,derived,true
pink_terracotta,22,false,derived,true
gray_terracotta,22,false,derived,true
light_gray_terracotta,22,false,derived,true
cyan_terracotta,22,false,derived,true
purple_terracotta,22,false,derived,true
blue_terracotta,22,false,derived,true
brown_terracotta,22,false,derived,true
green_terracotta,22,false,derived,true
red_terracotta,22,false,derived,true
black_terracotta,22,false,derived,true
white_stained_glass_pane,11,false,derived,true
orange_stained_glass_pane,11,false,derived,true
magenta_stained_glass_pane,11,false,derived,true
light_blue_stained_glass_pane,11,false,derived,true
yellow_stained_glass_pane,11,false,derived,true
lime_stained_glass_pane,11,false,derived,true
pink_stained_glass_pane,11,false,derived,true
gray_stained_glass_pane,11,false,derived,true
light_gray_stained_glass_pane,11,false,derived,true
cyan_stained_glass_pane,11,false,derived,true
purple_stained_glass_pane,11,false,derived,true
blue_stained_glass_pane,11,false,derived,true
brown_stained_glass_pane,11,false,derived,true
green_stained_glass_pane,11,false,derived,true
red_stained_glass_pane,11,false,derived,true
black_stained_glass_pane,11,false,derived,true
acacia_stairs,14,true,datamap,true
cherry_stairs,14,true,datamap,true
dark_oak_stairs,14,true,datamap,true
mangrove_stairs,14,true,datamap,true
bamboo_stairs,14,true,datamap,true
bamboo_mosaic_stairs,28,false,derived,true
slime_block,1,true,derived,true
barrier,1024,false,derived,true
light,1,true,derived,true
iron_trapdoor,44,false,derived,true
prismarine,24,false,derived,true
prismarine_bricks,24,false,derived,true
dark_prismarine,24,false,derived,true
prismarine_stairs,24,false,derived,true
prismarine_brick_stairs,24,false,derived,true
dark_prismarine_stairs,24,false,derived,true
prismarine_slab,24,false,derived,true
prismarine_brick_slab,24,false,derived,true
dark_prismarine_slab,24,false,derived,true
sea_lantern,11,false,derived,true
hay_block,0,true,datamap,true
white_carpet,6,false,derived,true
orange_carpet,6,false,derived,true
magenta_carpet,6,false,derived,true
light_blue_carpet,6,false,derived,true
yellow_carpet,6,false,derived,true
lime_carpet,6,false,derived,true
pink_carpet,6,false,derived,true
gray_carpet,6,false,derived,true
light_gray_carpet,6,false,derived,true
cyan_carpet,6,false,derived,true
purple_carpet,6,false,derived,true
blue_carpet,6,false,derived,true
brown_carpet,6,false,derived,true
green_carpet,6,false,derived,true
red_carpet,6,false,derived,true
black_carpet,6,false,derived,true
terracotta,22,false,derived,true
coal_block,44,false,derived,true
packed_ice,14,false,derived,true
sunflower,1,true,derived,false
lilac,1,true,derived,false
rose_bush,1,true,derived,false
peony,1,true,derived,false
tall_grass,1,true,derived,false
large_fern,1,true,derived,false
white_banner,1,true,derived,true
orange_banner,1,true,derived,true
magenta_banner,1,true,derived,true
light_blue_banner,1,true,derived,true
yellow_banner,1,true,derived,true
lime_banner,1,true,derived,true
pink_banner,1,true,derived,true
gray_banner,1,true,derived,true
light_gray_banner,1,true,derived,true
cyan_banner,1,true,derived,true
purple_banner,1,true,derived,true
blue_banner,1,true,derived,true
brown_banner,1,true,derived,true
green_banner,1,true,derived,true
red_banner,1,true,derived,true
black_banner,1,true,derived,true
white_wall_banner,1,true,derived,true
orange_wall_banner,1,true,derived,true
magenta_wall_banner,1,true,derived,true
light_blue_wall_banner,1,true,derived,true
yellow_wall_banner,1,true,derived,true
lime_wall_banner,1,true,derived,true
pink_wall_banner,1,true,derived,true
gray_wall_banner,1,true,derived,true
light_gray_wall_banner,1,true,derived,true
cyan_wall_banner,1,true,derived,true
purple_wall_banner,1,true,derived,true
blue_wall_banner,1,true,derived,true
brown_wall_banner,1,true,derived,true
green_wall_banner,1,true,derived,true
red_wall_banner,1,true,derived,true
black_wall_banner,1,true,derived,true
red_sandstone,18,false,derived,true
chiseled_red_sandstone,18,false,derived,true
cut_red_sandstone,18,false,derived,true
red_sandstone_stairs,18,false,derived,true
oak_slab,12,true,datamap,true
spruce_slab,12,true,datamap,true
birch_slab,12,true,datamap,true
jungle_slab,12,true,datamap,true
acacia_slab,12,true,datamap,true
cherry_slab,12,true,datamap,true
dark_oak_slab,12,true,datamap,true
mangrove_slab,12,true,datamap,true
bamboo_slab,12,true,datamap,true
bamboo_mosaic_slab,28,false,derived,true
stone_slab,28,false,derived,true
smooth_stone_slab,28,false,derived,true
sandstone_slab,28,false,derived,true
cut_sandstone_slab,28,false,derived,true
petrified_oak_slab,28,false,derived,true
cobblestone_slab,28,false,derived,true
brick_slab,28,false,derived,true
stone_brick_slab,28,false,derived,true
mud_brick_slab,24,false,derived,true
nether_brick_slab,28,false,derived,true
quartz_slab,28,false,derived,true
red_sandstone_slab,28,false,derived,true
cut_red_sandstone_slab,28,false,derived,true
purpur_slab,28,false,derived,true
smooth_stone,28,false,derived,true
smooth_sandstone,28,false,derived,true
smooth_quartz,28,false,derived,true
smooth_red_sandstone,28,false,derived,true
spruce_fence_gate,5,true,datamap,true
birch_fence_gate,5,true,datamap,true
jungle_fence_gate,5,true,datamap,true
acacia_fence_gate,5,true,datamap,true
cherry_fence_gate,5,true,datamap,true
dark_oak_fence_gate,5,true,datamap,true
mangrove_fence_gate,5,true,datamap,true
bamboo_fence_gate,5,true,datamap,true
spruce_fence,9,true,datamap,true
birch_fence,9,true,datamap,true
jungle_fence,9,true,datamap,true
acacia_fence,9,true,datamap,true
cherry_fence,9,true,datamap,true
dark_oak_fence,9,true,datamap,true
mangrove_fence,9,true,datamap,true
bamboo_fence,9,true,datamap,true
spruce_door,34,false,derived,true
birch_door,34,false,derived,true
jungle_door,34,false,derived,true
acacia_door,34,false,derived,true
cherry_door,34,false,derived,true
dark_oak_door,34,false,derived,true
mangrove_door,34,false,derived,true
bamboo_door,34,false,derived,true
end_rod,1,true,derived,true
chorus_plant,12,false,derived,true
chorus_flower,12,false,derived,true
purpur_block,24,false,derived,true
purpur_pillar,24,false,derived,true
purpur_stairs,24,false,derived,true
end_stone_bricks,34,false,derived,true
torchflower_crop,1,true,derived,false
pitcher_crop,1,true,derived,false
pitcher_plant,1,true,derived,false
beetroots,1,true,derived,false
dirt_path,16,false,derived,true
end_gateway,1,true,derived,true
repeating_command_block,1024,false,derived,true
chain_command_block,1024,false,derived,true
frosted_ice,14,false,derived,true
magma_block,14,false,derived,true
nether_wart_block,20,false,derived,true
red_nether_bricks,28,false,derived,true
bone_block,28,false,derived,true
structure_void,1,true,derived,true
observer,34,false,derived,true
shulker_box,28,false,derived,true
white_shulker_box,28,false,derived,true
orange_shulker_box,28,false,derived,true
magenta_shulker_box,28,false,derived,true
light_blue_shulker_box,28,false,derived,true
yellow_shulker_box,28,false,derived,true
lime_shulker_box,28,false,derived,true
pink_shulker_box,28,false,derived,true
gray_shulker_box,28,false,derived,true
light_gray_shulker_box,28,false,derived,true
cyan_shulker_box,28,false,derived,true
purple_shulker_box,28,false,derived,true
blue_shulker_box,28,false,derived,true
brown_shulker_box,28,false,derived,true
green_shulker_box,28,false,derived,true
red_shulker_box,28,false,derived,true
black_shulker_box,28,false,derived,true
white_glazed_terracotta,23,false,derived,true
orange_glazed_terracotta,23,false,derived,true
magenta_glazed_terracotta,23,false,derived,true
light_blue_glazed_terracotta,23,false,derived,true
yellow_glazed_terracotta,23,false,derived,true
lime_glazed_terracotta,23,false,derived,true
pink_glazed_terracotta,23,false,derived,true
gray_glazed_terracotta,23,false,derived,true
light_gray_glazed_terracotta,23,false,derived,true
cyan_glazed_terracotta,23,false,derived,true
purple_glazed_terracotta,23,false,derived,true
blue_glazed_terracotta,23,false,derived,true
brown_glazed_terracotta,23,false,derived,true
green_glazed_terracotta,23,false,derived,true
red_glazed_terracotta,23,false,derived,true
black_glazed_terracotta,23,false,derived,true
white_concrete,26,false,derived,true
orange_concrete,26,false,derived,true
magenta_concrete,26,false,derived,true
light_blue_concrete,26,false,derived,true
yellow_concrete,26,false,derived,true
lime_concrete,26,false,derived,true
pink_concrete,26,false,derived,true
gray_concrete,26,false,derived,true
light_gray_concrete,26,false,derived,true
cyan_concrete,26,false,derived,true
purple_concrete,26,false,derived,true
blue_concrete,26,false,derived,true
brown_concrete,26,false,derived,true
green_concrete,26,false,derived,true
red_concrete,26,false,derived,true
black_concrete,26,false,derived,true
white_concrete_powder,14,false,derived,true
orange_concrete_powder,14,false,derived,true
magenta_concrete_powder,14,false,derived,true
light_blue_concrete_powder,14,false,derived,true
yellow_concrete_powder,14,false,derived,true
lime_concrete_powder,14,false,derived,true
pink_concrete_powder,14,false,derived,true
gray_concrete_powder,14,false,derived,true
light_gray_concrete_powder,14,false,derived,true
cyan_concrete_powder,14,false,derived,true
purple_concrete_powder,14,false,derived,true
blue_concrete_powder,14,false,derived,true
brown_concrete_powder,14,false,derived,true
green_concrete_powder,14,false,derived,true
red_concrete_powder,14,false,derived,true
black_concrete_powder,14,false,derived,true
kelp,1,true,derived,true
kelp_plant,1,true,derived,true
dried_kelp_block,14,false,derived,true
turtle_egg,14,false,derived,true
sniffer_egg,14,false,derived,true
dead_tube_coral_block,24,false,derived,true
dead_brain_coral_block,24,false,derived,true
dead_bubble_coral_block,24,false,derived,true
dead_fire_coral_block,24,false,derived,true
dead_horn_coral_block,24,false,derived,true
tube_coral_block,24,false,derived,true
brain_coral_block,24,false,derived,true
bubble_coral_block,24,false,derived,true
fire_coral_block,24,false,derived,true
horn_coral_block,24,false,derived,true
dead_tube_coral,1,true,derived,true
dead_brain_coral,1,true,derived,true
dead_bubble_coral,1,true,derived,true
dead_fire_coral,1,true,derived,true
dead_horn_coral,1,true,derived,true
tube_coral,1,true,derived,true
brain_coral,1,true,derived,true
bubble_coral,1,true,derived,true
fire_coral,1,true,derived,true
horn_coral,1,true,derived,true
dead_tube_coral_fan,1,true,derived,true
dead_brain_coral_fan,1,true,derived,true
dead_bubble_coral_fan,1,true,derived,true
dead_fire_coral_fan,1,true,derived,true
dead_horn_coral_fan,1,true,derived,true
tube_coral_fan,1,true,derived,true
brain_coral_fan,1,true,derived,true
bubble_coral_fan,1,true,derived,true
fire_coral_fan,1,true,derived,true
horn_coral_fan,1,true,derived,true
dead_tube_coral_wall_fan,1,true,derived,true
dead_brain_coral_wall_fan,1,true,derived,true
dead_bubble_coral_wall_fan,1,true,derived,true
dead_fire_coral_wall_fan,1,true,derived,true
dead_horn_coral_wall_fan,1,true,derived,true
tube_coral_wall_fan,1,true,derived,true
brain_coral_wall_fan,1,true,derived,true
bubble_coral_wall_fan,1,true,derived,true
fire_coral_wall_fan,1,true,derived,true
horn_coral_wall_fan,1,true,derived,true
sea_pickle,1,true,derived,false
blue_ice,33,false,derived,true
conduit,34,false,derived,true
bamboo_sapling,1,true,derived,true
bamboo,20,false,derived,true
potted_bamboo,1,true,derived,true
void_air,1,true,derived,false
cave_air,1,true,derived,false
bubble_column,1,true,derived,true
polished_granite_stairs,24,false,derived,true
smooth_red_sandstone_stairs,28,false,derived,true
mossy_stone_brick_stairs,24,false,derived,true
polished_diorite_stairs,24,false,derived,true
mossy_cobblestone_stairs,28,false,derived,true
end_stone_brick_stairs,34,false,derived,true
stone_stairs,24,false,derived,true
smooth_sandstone_stairs,28,false,derived,true
smooth_quartz_stairs,28,false,derived,true
granite_stairs,24,false,derived,true
andesite_stairs,24,false,derived,true
red_nether_brick_stairs,28,false,derived,true
polished_andesite_stairs,24,false,derived,true
diorite_stairs,24,false,derived,true
polished_granite_slab,24,false,derived,true
smooth_red_sandstone_slab,28,false,derived,true
mossy_stone_brick_slab,24,false,derived,true
polished_diorite_slab,24,false,derived,true
mossy_cobblestone_slab,28,false,derived,true
end_stone_brick_slab,34,false,derived,true
smooth_sandstone_slab,28,false,derived,true
smooth_quartz_slab,28,false,derived,true
granite_slab,24,false,derived,true
andesite_slab,24,false,derived,true
red_nether_brick_slab,28,false,derived,true
polished_andesite_slab,24,false,derived,true
diorite_slab,24,false,derived,true
brick_wall,28,false,derived,true
prismarine_wall,24,false,derived,true
red_sandstone_wall,18,false,derived,true
mossy_stone_brick_wall,24,false,derived,true
granite_wall,24,false,derived,true
stone_brick_wall,24,false,derived,true
mud_brick_wall,24,false,derived,true
nether_brick_wall,28,false,derived,true
andesite_wall,24,false,derived,true
red_nether_brick_wall,28,false,derived,true
sandstone_wall,18,false,derived,true
end_stone_brick_wall,34,false,derived,true
diorite_wall,24,false,derived,true
scaffolding,7,false,datamap,true
loom,31,false,derived,true
barrel,31,false,derived,true
smoker,37,false,derived,true
blast_furnace,37,false,derived,true
cartography_table,31,false,derived,true
fletching_table,31,false,derived,true
grindstone,28,false,derived,true
lectern,31,false,derived,true
smithing_table,31,false,derived,true
stonecutter,37,false,derived,true
bell,44,false,derived,true
lantern,37,false,derived,true
soul_lantern,37,false,derived,true
campfire,28,false,derived,true
soul_campfire,28,false,derived,true
sweet_berry_bush,1,true,derived,false
warped_stem,20,true,datamap,true
stripped_warped_stem,20,true,datamap,true
warped_hyphae,20,true,datamap,true
stripped_warped_hyphae,20,true,datamap,true
warped_nylium,12,false,derived,true
warped_fungus,1,true,derived,false
warped_wart_block,20,false,derived,true
warped_roots,1,true,derived,false
nether_sprouts,1,true,derived,false
crimson_stem,20,true,datamap,true
stripped_crimson_stem,20,true,datamap,true
crimson_hyphae,20,true,datamap,true
stripped_crimson_hyphae,20,true,datamap,true
crimson_nylium,12,false,derived,true
crimson_fungus,1,true,derived,false
shroomlight,20,false,derived,true
weeping_vines,1,true,derived,true
weeping_vines_plant,1,true,derived,true
twisting_vines,1,true,derived,true
twisting_vines_plant,1,true,derived,true
crimson_roots,1,true,derived,false
crimson_planks,16,true,datamap,true
warped_planks,16,true,datamap,true
crimson_slab,12,true,datamap,true
warped_slab,12,true,datamap,true
crimson_pressure_plate,1,true,derived,true
warped_pressure_plate,1,true,derived,true
crimson_fence,9,true,datamap,true
warped_fence,9,true,datamap,true
crimson_trapdoor,34,false,derived,true
warped_trapdoor,34,false,derived,true
crimson_fence_gate,5,true,datamap,true
warped_fence_gate,5,true,datamap,true
crimson_stairs,14,true,datamap,true
warped_stairs,14,true,datamap,true
crimson_button,1,true,derived,true
warped_button,1,true,derived,true
crimson_door,34,false,derived,true
warped_door,34,false,derived,true
crimson_sign,1,true,derived,true
warped_sign,1,true,derived,true
crimson_wall_sign,1,true,derived,true
warped_wall_sign,1,true,derived,true
structure_block,1024,false,derived,true
jigsaw,1024,false,derived,true
composter,15,false,derived,true
target,14,false,derived,true
bee_nest,11,false,derived,true
beehive,15,false,derived,true
honey_block,1,true,derived,true
honeycomb_block,15,false,derived,true
netherite_block,160,false,datamap,true
ancient_debris,107,false,derived,true
crying_obsidian,139,false,derived,true
respawn_anchor,139,false,derived,true
potted_crimson_fungus,1,true,derived,true
potted_warped_fungus,1,true,derived,true
potted_crimson_roots,1,true,derived,true
potted_warped_roots,1,true,derived,true
lodestone,37,false,derived,true
blackstone,24,false,derived,true
blackstone_stairs,24,false,derived,true
blackstone_wall,24,false,derived,true
blackstone_slab,28,false,derived,true
polished_blackstone,28,false,derived,true
polished_blackstone_bricks,24,false,derived,true
cracked_polished_blackstone_bricks,24,false,derived,true
chiseled_polished_blackstone,24,false,derived,true
polished_blackstone_brick_slab,28,false,derived,true
polished_blackstone_brick_stairs,24,false,derived,true
polished_blackstone_brick_wall,24,false,derived,true
gilded_blackstone,24,false,derived,true
polished_blackstone_stairs,28,false,derived,true
polished_blackstone_slab,28,false,derived,true
polished_blackstone_pressure_plate,1,true,derived,true
polished_blackstone_button,1,true,derived,true
polished_blackstone_wall,28,false,derived,true
chiseled_nether_bricks,28,false,derived,true
cracked_nether_bricks,28,false,derived,true
quartz_bricks,18,false,derived,true
candle,6,false,derived,true
white_candle,6,false,derived,true
orange_candle,6,false,derived,true
magenta_candle,6,false,derived,true
light_blue_candle,6,false,derived,true
yellow_candle,6,false,derived,true
lime_candle,6,false,derived,true
pink_candle,6,false,derived,true
gray_candle,6,false,derived,true
light_gray_candle,6,false,derived,true
cyan_candle,6,false,derived,true
purple_candle,6,false,derived,true
blue_candle,6,false,derived,true
brown_candle,6,false,derived,true
green_candle,6,false,derived,true
red_candle,6,false,derived,true
black_candle,6,false,derived,true
candle_cake,14,false,derived,true
white_candle_cake,14,false,derived,true
orange_candle_cake,14,false,derived,true
magenta_candle_cake,14,false,derived,true
light_blue_candle_cake,14,false,derived,true
yellow_candle_cake,14,false,derived,true
lime_candle_cake,14,false,derived,true
pink_candle_cake,14,false,derived,true
gray_candle_cake,14,false,derived,true
light_gray_candle_cake,14,false,derived,true
cyan_candle_cake,14,false,derived,true
purple_candle_cake,14,false,derived,true
blue_candle_cake,14,false,derived,true
brown_candle_cake,14,false,derived,true
green_candle_cake,14,false,derived,true
red_candle_cake,14,false,derived,true
black_candle_cake,14,false,derived,true
amethyst_block,24,false,derived,true
budding_amethyst,24,false,derived,true
amethyst_cluster,24,false,derived,true
large_amethyst_bud,24,false,derived,true
medium_amethyst_bud,24,false,derived,true
small_amethyst_bud,24,false,derived,true
tuff,24,false,derived,true
tuff_slab,24,false,derived,true
tuff_stairs,24,false,derived,true
tuff_wall,24,false,derived,true
polished_tuff,24,false,derived,true
polished_tuff_slab,24,false,derived,true
polished_tuff_stairs,24,false,derived,true
polished_tuff_wall,24,false,derived,true
chiseled_tuff,24,false,derived,true
tuff_bricks,24,false,derived,true
tuff_brick_slab,24,false,derived,true
tuff_brick_stairs,24,false,derived,true
tuff_brick_wall,24,false,derived,true
chiseled_tuff_bricks,24,false,derived,true
calcite,17,false,derived,true
tinted_glass,11,false,derived,true
powder_snow,1,true,derived,true
sculk_sensor,24,false,derived,true
calibrated_sculk_sensor,24,false,derived,true
sculk,9,false,derived,true
sculk_vein,1,true,derived,true
sculk_catalyst,34,false,derived,true
sculk_shrieker,34,false,derived,true
copper_block,34,false,derived,true
exposed_copper,34,false,derived,true
weathered_copper,34,false,derived,true
oxidized_copper,34,false,derived,true
copper_ore,34,false,derived,true
deepslate_copper_ore,42,false,derived,true
oxidized_cut_copper,34,false,derived,true
weathered_cut_copper,34,false,derived,true
exposed_cut_copper,34,false,derived,true
cut_copper,34,false,derived,true
oxidized_chiseled_copper,34,false,derived,true
weathered_chiseled_copper,34,false,derived,true
exposed_chiseled_copper,34,false,derived,true
chiseled_copper,34,false,derived,true
waxed_oxidized_chiseled_copper,34,false,derived,true
waxed_weathered_chiseled_copper,34,false,derived,true
waxed_exposed_chiseled_copper,34,false,derived,true
waxed_chiseled_copper,34,false,derived,true
oxidized_cut_copper_stairs,34,false,derived,true
weathered_cut_copper_stairs,34,false,derived,true
exposed_cut_copper_stairs,34,false,derived,true
cut_copper_stairs,34,false,derived,true
oxidized_cut_copper_slab,34,false,derived,true
weathered_cut_copper_slab,34,false,derived,true
exposed_cut_copper_slab,34,false,derived,true
cut_copper_slab,34,false,derived,true
waxed_copper_block,34,false,derived,true
waxed_weathered_copper,34,false,derived,true
waxed_exposed_copper,34,false,derived,true
waxed_oxidized_copper,34,false,derived,true
waxed_oxidized_cut_copper,34,false,derived,true
waxed_weathered_cut_copper,34,false,derived,true
waxed_exposed_cut_copper,34,false,derived,true
waxed_cut_copper,34,false,derived,true
waxed_oxidized_cut_copper_stairs,34,false,derived,true
waxed_weathered_cut_copper_stairs,34,false,derived,true
waxed_exposed_cut_copper_stairs,34,false,derived,true
waxed_cut_copper_stairs,34,false,derived,true
waxed_oxidized_cut_copper_slab,34,false,derived,true
waxed_weathered_cut_copper_slab,34,false,derived,true
waxed_exposed_cut_copper_slab,34,false,derived,true
waxed_cut_copper_slab,34,false,derived,true
copper_door,34,false,derived,true
exposed_copper_door,34,false,derived,true
oxidized_copper_door,34,false,derived,true
weathered_copper_door,34,false,derived,true
waxed_copper_door,34,false,derived,true
waxed_exposed_copper_door,34,false,derived,true
waxed_oxidized_copper_door,34,false,derived,true
waxed_weathered_copper_door,34,false,derived,true
copper_trapdoor,34,false,derived,true
exposed_copper_trapdoor,34,false,derived,true
oxidized_copper_trapdoor,34,false,derived,true
weathered_copper_trapdoor,34,false,derived,true
waxed_copper_trapdoor,34,false,derived,true
waxed_exposed_copper_trapdoor,34,false,derived,true
waxed_oxidized_copper_trapdoor,34,false,derived,true
waxed_weathered_copper_trapdoor,34,false,derived,true
copper_grate,34,false,derived,true
exposed_copper_grate,34,false,derived,true
weathered_copper_grate,34,false,derived,true
oxidized_copper_grate,34,false,derived,true
waxed_copper_grate,34,false,derived,true
waxed_exposed_copper_grate,34,false,derived,true
waxed_weathered_copper_grate,34,false,derived,true
waxed_oxidized_copper_grate,34,false,derived,true
copper_bulb,34,false,derived,true
exposed_copper_bulb,34,false,derived,true
weathered_copper_bulb,34,false,derived,true
oxidized_copper_bulb,34,false,derived,true
waxed_copper_bulb,34,false,derived,true
waxed_exposed_copper_bulb,34,false,derived,true
waxed_weathered_copper_bulb,34,false,derived,true
waxed_oxidized_copper_bulb,34,false,derived,true
lightning_rod,34,false,derived,true
pointed_dripstone,24,false,derived,true
dripstone_block,24,false,derived,true
cave_vines,1,true,derived,true
cave_vines_plant,1,true,derived,true
spore_blossom,1,true,derived,true
azalea,1,true,derived,false
flowering_azalea,1,true,derived,false
moss_carpet,6,false,derived,true
pink_petals,1,true,derived,false
moss_block,1,true,datamap,true
big_dripleaf,6,false,derived,true
big_dripleaf_stem,1,true,derived,true
small_dripleaf,1,true,derived,false
hanging_roots,1,true,derived,true
rooted_dirt,1,true,datamap,true
mud,1,true,datamap,true
deepslate,36,false,datamap,true
cobbled_deepslate,37,false,derived,true
cobbled_deepslate_stairs,37,false,derived,true
cobbled_deepslate_slab,37,false,derived,true
cobbled_deepslate_wall,37,false,derived,true
polished_deepslate,37,false,derived,true
polished_deepslate_stairs,37,false,derived,true
polished_deepslate_slab,37,false,derived,true
polished_deepslate_wall,37,false,derived,true
deepslate_tiles,37,false,derived,true
deepslate_tile_stairs,37,false,derived,true
deepslate_tile_slab,37,false,derived,true
deepslate_tile_wall,37,false,derived,true
deepslate_bricks,37,false,derived,true
deepslate_brick_stairs,37,false,derived,true
deepslate_brick_slab,37,false,derived,true
deepslate_brick_wall,37,false,derived,true
chiseled_deepslate,37,false,derived,true
cracked_deepslate_bricks,37,false,derived,true
cracked_deepslate_tiles,37,false,derived,true
infested_deepslate,24,false,derived,true
smooth_basalt,22,false,derived,true
raw_iron_block,44,false,derived,true
raw_copper_block,44,false,derived,true
raw_gold_block,44,false,derived,true
potted_azalea_bush,1,true,derived,true
potted_flowering_azalea_bush,1,true,derived,true
ochre_froglight,11,false,derived,true
verdant_froglight,11,false,derived,true
pearlescent_froglight,11,false,derived,true
frogspawn,1,true,derived,true
reinforced_deepslate,145,false,derived,true
decorated_pot,1,true,derived,true
crafter,24,false,derived,true
trial_spawner,139,false,derived,true
vault,139,false,derived,true
heavy_core,62,false,derived,true
